product_id,product_name,category,price,actual_price,rating,rating_count,discount_percentage
B07JW9H4J1,"Wayona Nylon Braided USB to Lightning Fast Charging and Data Sync Cable Compatible for iPhone 13, 12",Computers&Accessories,399,1099,4.2,24269,64
B098NS6PVG,"Ambrane Unbreakable 60W / 3A Fast Charging 1.5m Braided Type C Cable for Smartphones, Tablets, Lapto",Computers&Accessories,199,349,4,43994,43
B096MSW6CT,"Sounce Fast Phone Charging Cable & Data Sync USB Cable Compatible for iPhone 13, 12,11, X, 8, 7, 6, ",Computers&Accessories,199,1899,3.9,7928,90
B08HDJ86NZ,"boAt Deuce USB 300 2 in 1 Type-C & Micro USB Stress Resistant, Tangle-Free, Sturdy Cable with 3A Fas",Computers&Accessories,329,699,4.2,94363,53
B08CF3B7N1,"Portronics Konnect L 1.2M Fast Charging 3A 8 Pin USB Cable with Charge & Sync Function for iPhone, i",Computers&Accessories,154,399,4.2,16905,61
B08Y1TFSP6,"pTron Solero TB301 3A Type-C Data and Fast Charging Cable, Made in India, 480Mbps Data Sync, Strong ",Computers&Accessories,149,1000,3.9,24871,85
B08WRWPM22,"boAt Micro USB 55 Tangle-free, Sturdy Micro USB Cable with 3A Fast Charging & 480mbps Data Transmiss",Computers&Accessories,176.63,499,4.1,15188,65
B08DDRGWTJ,MI Usb Type-C Cable Smartphone (Black),Computers&Accessories,229,299,4.3,30411,23
B008IFXQFU,"TP-Link USB WiFi Adapter for PC(TL-WN725N), N150 Wireless Network Adapter for Desktop - Nano Size Wi",Computers&Accessories,499,999,4.2,179691,50
B082LZGK39,"Ambrane Unbreakable 60W / 3A Fast Charging 1.5m Braided Micro USB Cable for Smartphones, Tablets, La",Computers&Accessories,199,299,4,43994,33
B08CF3D7QR,Portronics Konnect L POR-1081 Fast Charging 3A Type-C Cable 1.2Meter with Charge & Sync Function for,Computers&Accessories,154,339,4.3,13391,55
B0789LZTCJ,boAt Rugged v3 Extra Tough Unbreakable Braided Micro USB Cable 1.5 Meter (Black),Computers&Accessories,299,799,4.2,94363,63
B07KSMBL2H,"AmazonBasics Flexible Premium HDMI Cable (Black, 4K@60Hz, 18Gbps), 3-Foot",Electronics,219,700,4.4,426973,69
B085DTN6R2,Portronics Konnect CL 20W POR-1067 Type-C to 8 Pin USB 1.2M Cable with Power Delivery & 3A Quick Cha,Computers&Accessories,350,899,4.2,2262,61
B09KLVMZ3B,Portronics Konnect L 1.2M POR-1401 Fast Charging 3A 8 Pin USB Cable with Charge & Sync Function (Whi,Computers&Accessories,159,399,4.1,4768,60
B083342NKJ,MI Braided USB Type-C Cable for Charging Adapter (Red),Computers&Accessories,349,399,4.4,18757,13
B0B6F7LX4C,MI 80 cm (32 inches) 5A Series HD Ready Smart Android LED TV L32M7-5AIN (Black),Electronics,13999,24999,4.2,32840,44
B082LSVT4B,"Ambrane Unbreakable 60W / 3A Fast Charging 1.5m Braided Type C to Type C Cable for Smartphones, Tabl",Computers&Accessories,249,399,4,43994,38
B08WRBG3XW,"boAt Type C A325 Tangle-free, Sturdy Type C Cable with 3A Rapid Charging & 480mbps Data Transmission",Computers&Accessories,199,499,4.1,13045,60
B08DPLCM6T,LG 80 cm (32 inches) HD Ready Smart LED TV 32LM563BPTC (Dark Iron Gray),Electronics,13490,21990,4.3,11976,39
B09C6HXFC1,"Duracell USB Lightning Apple Certified (Mfi) Braided Sync & Charge Cable For Iphone, Ipad And Ipod. ",Computers&Accessories,970,1799,4.5,815,46
B085194JFL,"tizum HDMI to VGA Adapter Cable 1080P for Projector, Computer, Laptop, TV, Projectors & TV",Electronics,279,499,3.7,10962,44
B09F6S8BT6,Samsung 80 cm (32 Inches) Wondertainment Series HD Ready LED Smart TV UA32T4340BKXXL (Glossy Black),Electronics,13490,22900,4.3,16299,41
B09NHVCHS9,Flix Micro Usb Cable For Smartphone (Black),Computers&Accessories,59,199,4,9378,70
B0B1YVCJ2Y,Acer 80 cm (32 inches) I Series HD Ready Android Smart LED TV AR32AR2841HDFL (Black),Electronics,11499,19990,4.3,4703,42
B01M4GGIVU,Tizum High Speed HDMI Cable with Ethernet | Supports 3D 4K | for All HDMI Devices Laptop Computer Ga,Electronics,199,699,4.2,12153,72
B08B42LWKN,OnePlus 80 cm (32 inches) Y Series HD Ready LED Smart Android TV 32Y1 (Black),Electronics,14999,19999,4.2,34899,25
B094JNXNPV,Ambrane Unbreakable 3 in 1 Fast Charging Braided Multipurpose Cable for Speaker with 2.1 A Speed - 1,Computers&Accessories,299,399,4,2766,25
B09W5XR9RT,"Duracell USB C To Lightning Apple Certified (Mfi) Braided Sync & Charge Cable For Iphone, Ipad And I",Computers&Accessories,970,1999,4.4,184,51
B077Z65HSD,"boAt A400 USB Type-C to USB-A 2.0 Male Data Cable, 2 Meter (Black)",Computers&Accessories,299,999,4.3,20850,70
B00NH11PEY,"AmazonBasics USB 2.0 - A-Male to A-Female Extension Cable for Personal Computer, Printer (Black, 9.8",Computers&Accessories,199,750,4.5,74976,73
B09CMM3VGK,"Ambrane 60W / 3A Type C Fast Charging Unbreakable 1.5m L Shaped Braided Cable, PD Technology, 480Mbp",Computers&Accessories,179,499,4,1934,64
B08QSC1XY8,Zoul USB C 60W Fast Charging 3A 6ft/2M Long Type C Nylon Braided Data Cable Quick Charger Cable QC 3,Computers&Accessories,389,1099,4.3,974,65
B008FWZGSG,"Samsung Original Type C to C Cable - 3.28 Feet (1 Meter), White",Computers&Accessories,599,599,4.3,355,0
B0B4HJNPV4,"pTron Solero T351 3.5Amps Fast Charging Type-C to Type-C PD Data & Charging USB Cable, Made in India",Computers&Accessories,199,999,3.9,1075,80
B08Y1SJVV5,"pTron Solero MB301 3A Micro USB Data & Charging Cable, Made in India, 480Mbps Data Sync, Strong & Du",Computers&Accessories,99,666.66,3.9,24871,85
B07XLCFSSN,"Amazonbasics Nylon Braided Usb-C To Lightning Cable, Fast Charging Mfi Certified Smartphone, Iphone ",Computers&Accessories,899,1900,4.4,13552,53
B09RZS1NQT,"Sounce 65W OnePlus Dash Warp Charge Cable, 6.5A Type-C to USB C PD Data Sync Fast Charging Cable Com",Computers&Accessories,199,999,4,576,80
B0B3MMYHYW,OnePlus 126 cm (50 inches) Y Series 4K Ultra HD Smart Android LED TV 50Y1S Pro (Black),Electronics,32999,45999,4.2,7298,28
B09C6HWG18,"Duracell Type C To Type C 5A (100W) Braided Sync & Fast Charging Cable, 3.9 Feet (1.2M). USB C to C ",Computers&Accessories,970,1999,4.2,462,51
B00NH11KIK,"AmazonBasics USB 2.0 Cable - A-Male to B-Male - for Personal Computer, Printer- 6 Feet (1.8 Meters),",Computers&Accessories,209,695,4.5,107687,70
B09JPC82QC,Mi 108 cm (43 inches) Full HD Android LED TV 4C | L43M6-INC (Black),Electronics,19999,34999,4.3,27151,43
B07JW1Y6XV,"Wayona Nylon Braided 3A Lightning to USB A Syncing and Fast Charging Data Cable for iPhone, Ipad (3 ",Computers&Accessories,399,1099,4.2,24269,64
B07KRCW6LZ,TP-Link Nano AC600 USB Wi-Fi Adapter(Archer T2U Nano)- 2.4G/5G Dual Band Wireless Network Adapter fo,Computers&Accessories,999,1599,4.3,12093,38
B09NJN8L25,"FLiX (Beetel USB to Micro USB PVC Data Sync & 2A Fast Charging Cable, Made in India, 480Mbps Data Sy",Computers&Accessories,59,199,4,9378,70
B07XJYYH7L,"Wecool Nylon Braided Multifunction Fast Charging Cable For Android Smartphone, Ios And Type C Usb De",Computers&Accessories,333,999,3.3,9792,67
B002PD61Y4,D-Link DWA-131 300 Mbps Wireless Nano USB Adapter (Black),Computers&Accessories,507,1208,4.1,8131,58
B014I8SSD0,"Amazon Basics High-Speed HDMI Cable, 6 Feet - Supports Ethernet, 3D, 4K video,Black",Electronics,309,475,4.4,426973,35
B09L8DSSFH,7SEVEN® Compatible for Samsung Smart 4K Ultra HD TV Monitor Remote Control Replacement of Original S,Electronics,399,999,3.6,493,60
B07232M876,"Amazonbasics Micro Usb Fast Charging Cable For Android Smartphone,Personal Computer,Printer With Gol",Computers&Accessories,199,395,4.2,92595,50
B07P681N66,TP-Link AC600 600 Mbps WiFi Wireless Network USB Adapter for Desktop PC with 2.4GHz/5GHz High Gain D,Computers&Accessories,1199,2199,4.4,24780,45
B0711PVX6Z,"AmazonBasics Micro USB Fast Charging Cable for Android Phones with Gold Plated Connectors (3 Feet, B",Computers&Accessories,179,500,4.2,92595,64
B082T6V3DT,"AmazonBasics New Release Nylon USB-A to Lightning Cable Cord, Fast Charging MFi Certified Charger fo",Computers&Accessories,799,2100,4.3,8188,62
B07MKFNHKG,VW 80 cm (32 inches) Frameless Series HD Ready LED TV VW32A (Black),Electronics,6999,12999,4.2,4003,46
B0BFWGBX61,"Ambrane Unbreakable 3A Fast Charging Braided Type C Cable    1.5 Meter (RCT15, Blue) Supports QC 2.0",Computers&Accessories,199,349,4.1,314,43
B01N90RZ4M,Tata Sky Universal Remote,Electronics,230,499,3.7,2960,54
B0088TKTY2,TP-LINK WiFi Dongle 300 Mbps Mini Wireless Network USB Wi-Fi Adapter for PC Desktop Laptop(Supports ,Computers&Accessories,649,1399,4.2,179691,54
B09Q5SWVBJ,OnePlus 80 cm (32 inches) Y Series HD Ready Smart Android LED TV 32 Y1S (Black),Electronics,15999,21999,4.2,34899,27
B0B4DT8MKT,"Wecool Unbreakable 3 in 1 Charging Cable with 3A Speed, Fast Charging Multi Purpose Cable 1.25 Mtr L",Computers&Accessories,348,1499,4.2,656,77
B08CDKQ8T6,"Portronics Konnect L 1.2Mtr, Fast Charging 3A Micro USB Cable with Charge & Sync Function (Grey)",Computers&Accessories,154,349,4.3,7064,56
B07B275VN9,"Airtel DigitalTV DTH Television, Setup Box Remote Compatible for SD and HD Recording (Black)",Electronics,179,799,3.7,2201,78
B0B15CPR37,Samsung 108 cm (43 inches) Crystal 4K Neo Series Ultra HD Smart LED TV UA43AUE65AKXXL (Black),Electronics,32990,47900,4.3,7109,31
B0994GFWBH,Lapster 1.5 mtr USB 2.0 Type A Male to USB A Male Cable for computer and laptop,Computers&Accessories,139,999,4,1313,86
B01GGKZ0V6,AmazonBasics USB Type-C to USB Type-C 2.0 Cable - 3 Feet Laptop (0.9 Meters) - White,Computers&Accessories,329,845,4.2,29746,61
B09F9YQQ7B,Redmi 80 cm (32 inches) Android 11 Series HD Ready Smart LED TV | L32M6-RA/L32M7-RA (Black),Electronics,13999,24999,4.2,45238,44
B014I8SX4Y,"Amazon Basics High-Speed HDMI Cable, 6 Feet (2-Pack),Black",Electronics,309,1400,4.4,426973,78
B09Q8HMKZX,"Portronics Konnect L 20W PD Quick Charge Type-C to 8-Pin USB Mobile Charging Cable, 1.2M, Tangle Res",Computers&Accessories,263,699,4.1,450,62
B0B9XN9S3W,Acer 80 cm (32 inches) N Series HD Ready TV AR32NSV53HD (Black),Electronics,7999,14990,4.3,457,47
B07966M8XH,"Model-P4 6 Way Swivel Tilt Wall Mount 32-55-inch Full Motion Cantilever for LED,LCD and Plasma TV's",Electronics,1599,2999,4.2,2727,47
B01GGKYKQM,"Amazon Basics USB Type-C to USB-A 2.0 Male Fast Charging Cable for Laptop - 3 Feet (0.9 Meters), Bla",Computers&Accessories,219,700,4.3,20053,69
B0B86CDHL1,"oraimo 65W Type C to C Fast Charging Cable USB C to USB C Cable High Speed Syncing, Nylon Braided 1M",Computers&Accessories,349,899,4.5,149,61
B0B5ZF3NRK,"CEDO 65W OnePlus Dash Warp Charge Cable, USB A to Type C Data Sync Fast Charging Cable Compatible wi",Computers&Accessories,349,599,4.1,210,42
B09RFC46VP,Redmi 108 cm (43 inches) 4K Ultra HD Android Smart LED TV X43 | L43R7-7AIN (Black),Electronics,26999,42999,4.2,45238,37
B08R69VDHT,"Pinnaclz Original Combo of 2 Micro USB Fast Charging Cable, USB Charging Cable for Data Transfer Per",Computers&Accessories,115,499,4,7732,77
B09RWZRCP1,"boAt Type C A750 Stress Resistant, Tangle-free, Sturdy Flat Cable with 6.5A Fast Charging & 480Mbps ",Computers&Accessories,399,999,4.1,1780,60
B09CMP1SC8,"Ambrane 2 in 1 Type-C & Micro USB Cable with 60W / 3A Fast Charging, 480 mbps High Data, PD Technolo",Computers&Accessories,199,499,4.1,602,60
B09YLXYP7Y,"Ambrane 60W / 3A Fast Charging Output Cable with Type-C to USB for Mobile, Neckband, True Wireless E",Computers&Accessories,179,399,4,1423,55
B09ZPM4C2C,TCL 80 cm (32 inches) HD Ready Certified Android Smart LED TV 32S5205 (Black),Electronics,10901,30990,4.1,398,65
B0B2DJDCPX,"SWAPKART Fast Charging Cable and Data Sync USB Cable Compatible for iPhone 6/6S/7/7+/8/8+/10/11, 12,",Computers&Accessories,209,499,3.9,536,58
B0BCZCQTJX,Firestick Remote,Electronics,1434,3999,4,32,64
B07LGT55SJ,"Wayona Usb Nylon Braided Data Sync And Charging Cable For Iphone, Ipad Tablet (Red, Black)",Computers&Accessories,399,1099,4.2,24269,64
B09NKZXMWJ,"Flix (Beetel) Usb To Type C Pvc Data Sync And 2A 480Mbps Data Sync, Tough Fast Charging Long Cable F",Computers&Accessories,139,249,4,9378,44
B08QX1CC14,SKYWALL 81.28 cm (32 inches) HD Ready Smart LED TV 32SWELS-PRO (Black),Electronics,7299,19125,3.4,902,62
B0974H97TJ,"boAt A 350 Type C Cable for Smartphone, Charging Adapter (1.5m, Carbon Black)",Computers&Accessories,299,799,4.4,28791,63
B07GVGTSLN,Wayona Usb Type C Fast Charger Cable Fast Charging Usb C Cable/Cord Compatible For Samsung Galaxy S1,Computers&Accessories,325,1299,4.2,10576,75
B09VCHLSJF,OnePlus 108 cm (43 inches) Y Series 4K Ultra HD Smart Android LED TV 43Y1S Pro (Black),Electronics,29999,39999,4.2,7298,25
B0B1YZX72F,Acer 127 cm (50 inches) I Series 4K Ultra HD Android Smart LED TV AR50AR2851UDFL (Black),Electronics,27999,40990,4.3,4703,32
B092BJMT8Q,Samsung 108 cm (43 inches) Crystal 4K Series Ultra HD Smart LED TV UA43AUE60AKLXL (Black),Electronics,30990,52900,4.3,7109,41
B0BMXMLSMM,"Lapster 65W compatible for OnePlus Dash Warp Charge Cable , type c to c cable fast charging Data Syn",Computers&Accessories,199,999,4.5,127,80
B07JH1C41D,"Wayona Nylon Braided (2 Pack) Lightning Fast Usb Data Cable Fast Charger Cord For Iphone, Ipad Table",Computers&Accessories,649,1999,4.2,24269,68
B0141EZMAI,"Gizga Essentials USB WiFi Adapter for PC, 150 Mbps Wireless Network Adapter for Desktop - Nano Size ",Computers&Accessories,269,800,3.6,10134,66
B09Q5P2MT3,OnePlus 108 cm (43 inches) Y Series Full HD Smart Android LED TV 43 Y1S (Black),Electronics,24999,31999,4.2,34899,22
B08HDH26JX,"boAt Deuce USB 300 2 in 1 Type-C & Micro USB Stress Resistant, Sturdy Cable with 3A Fast Charging & ",Computers&Accessories,299,699,4.2,94363,57
B09VT6JKRP,Lapster USB 3.0 A to Micro B SuperSpeed for hard disk cable - short cable,Computers&Accessories,199,999,4.1,425,80
B09T3KB6JZ,TCL 100 cm (40 inches) Full HD Certified Android R Smart LED TV 40S6505 (Black),Electronics,18990,40990,4.2,6659,54
B093QCY6YJ,"ZEBRONICS ZEB-USB150WF1 WiFi USB Mini Adapter Supports 150 Mbps Wireless Data, Comes with Advanced S",Computers&Accessories,290,349,3.7,1977,17
B093ZNQZ2Y,LOHAYA Remote Compatible for Mi Smart LED TV 4A Remote Control (32/43) [ Compatible for Mi Tv Remote,Electronics,249,799,3.8,1079,69
B08LKS3LSP,"Gilary Multi Charging Cable, 3 in 1 Nylon Braided Fast Charging Cable for iPhone Micro USB Type C Mo",Computers&Accessories,345,999,3.7,1097,65
B00V4BGDKU,TP-Link UE300 USB 3.0 to RJ45 Gigabit Ethernet Network Adapter - Plug and Play,Computers&Accessories,1099,1899,4.5,22420,42
B08CHKQ8D4,"Wayona Type C to Lightning MFI Certified 20W Fast charging Nylon Braided USB C Cable for iPhone 14, ",Computers&Accessories,719,1499,4.1,1045,52
B09BW334ML,Dealfreez Case Compatible with Fire TV Stick 3rd Gen 2021 Full Wrap Silicone Remote Cover Anti-Lost ,Electronics,349,1499,4.3,4145,77
B082T6GVLJ,"Amazon Basics New Release Nylon USB-A to Lightning Cable Cord, Fast Charging MFi Certified Charger f",Computers&Accessories,849,1809,4.3,6547,53
B07DL1KC3H,Isoelite Remote Compatible for Samsung LED/LCD Remote Control Works with All Samsung LED/LCD TV Mode,Electronics,299,899,4,1588,67
B0B6F98KJJ,MI 100 cm (40 inches) 5A Series Full HD Smart Android LED TV with 24W Dolby Audio & Metal Bezel-Less,Electronics,21999,29999,4.2,32840,27
B07JNVF678,"Wayona Nylon Braided USB Data Sync and Fast Charging 3A Short Power Bank Cable For iPhones, iPad Air",Computers&Accessories,349,999,4.2,13120,65
B09QGZFBPM,Wayona Type C To Type C Long Fast Charging Cable Type C Charger Cord Compatible With Samsung S22 S20,Computers&Accessories,399,999,4.3,2806,60
B07JGDB5M1,"Wayona Nylon Braided 2M / 6Ft Fast Charge Usb To Lightning Data Sync And Charging Cable For Iphone, ",Computers&Accessories,449,1299,4.2,24269,65
B0981XSZJ7,CROSSVOLT Compatible Dash/Warp Data Sync Fast Charging Cable Supported for All C Type Devices (Cable,Computers&Accessories,299,999,4.3,766,70
B0B9XLX8VR,VU 139 cm (55 inches) The GloLED Series 4K Smart LED Google TV 55GloLED (Grey),Electronics,37999,65000,4.3,3587,42
B08Y5KXR6Z,"PTron Solero T241 2.4A Type-C Data & Charging USB Cable, Made in India, 480Mbps Data Sync, Durable 1",Computers&Accessories,99,800,3.9,24871,88
B09F6VHQXB,"Croma 80 cm (32 Inches) HD Ready LED TV (CREL7369, Black) (2021 Model)",Electronics,7390,20000,4.1,2581,63
B0974G5Q2Y,"boAt Laptop, Smartphone Type-c A400 Male Data Cable (Carbon Black)",Computers&Accessories,273.1,999,4.3,20850,73
B09YL9SN9B,LG 80 cm (32 inches) HD Ready Smart LED TV 32LQ576BPSA (Ceramic Black),Electronics,15990,23990,4.3,1035,33
B09RX1FK54,"boAt Type C A750 Stress Resistant, Tangle-free, Sturdy Flat Cable with 6.5A Fast Charging & 480Mbps ",Computers&Accessories,399,999,4.1,1780,60
B09TT6BFDX,Cotbolt Silicone Protective Case Cover for LG an MR21GA Magic Remote Shockproof for LG Smart TV Remo,Electronics,399,1999,4.5,505,80
B09KH58JZR,Portronics Konnect L POR-1403 Fast Charging 3A Type-C Cable 1.2 Meter with Charge & Sync Function fo,Computers&Accessories,210,399,4.1,1717,47
B09DDCQFMT,Electvision Remote Control Compatible with Amazon Fire tv Stick (Pairing Manual Will be Back Side Re,Electronics,1299,1999,3.6,590,35
B08RP2L2NL,"King Shine Multi Retractable 3.0A Fast Charger Cord, Multiple Charging Cable 4Ft/1.2m 3-in-1 USB Cha",Computers&Accessories,347,999,3.5,1121,65
B0B4G2MWSB,"Lapster 5 pin mini usb cable, usb b cable,camera cable usb2.0 for External HDDS/Card Readers/Camera ",Computers&Accessories,149,999,4,1313,85
B0B21C4BMX,"Portronics Konnect Spydr 31 3-in-1 Multi Functional Cable with 3.0A Output, Tangle Resistant, 1.2M L",Computers&Accessories,228,899,3.8,132,75
B084MZXJNK,"Belkin Apple Certified Lightning To Type C Cable, Tough Unbreakable Braided Fast Charging For Iphone",Computers&Accessories,1599,1999,4.4,1951,20
B0BHZCNC4P,Remote Control Compatible for Amazon Fire Tv Stick Remote Control [ 3rd Gen ](Not Compatible for Fir,Electronics,1499,3999,3.7,37,63
B0B16KD737,VW 80 cm (32 inches) Playwall Frameless Series HD Ready Android Smart LED TV VW3251 (Black),Electronics,8499,15999,4.3,592,47
B099K9ZX65,Hisense 108 cm (43 inches) 4K Ultra HD Smart Certified Android LED TV 43A6GE (Black),Electronics,20990,44990,4.1,1259,53
B08Y55LPBF,Redmi 126 cm (50 inches) 4K Ultra HD Android Smart LED TV X50 | L50M6-RA (Black),Electronics,32999,44999,4.2,45238,27
B015OW3M1W,AmazonBasics 6-Feet DisplayPort (not USB port) to HDMI Cable Black,Electronics,799,1700,4.1,28638,53
B01D5H8ZI8,AmazonBasics 3 Feet High Speed HDMI Male to Female 2.0 Extension Cable,Electronics,229,595,4.3,12835,62
B09X1M3DHX,iFFALCON 80 cm (32 inches) HD Ready Smart LED TV 32F53 (Black),Electronics,9999,27990,4.2,1269,64
B09MM6P76N,7SEVEN® Compatible Lg Smart Tv Remote Suitable for Any LG LED OLED LCD UHD Plasma Android Television,Electronics,349,599,4.2,284,42
B01D5H8LDM,"AmazonBasics 3.5mm to 2-Male RCA Adapter Cable For Tablet, Smartphone (Black, 15 feet)",Electronics,489,1200,4.4,69538,59
B0B1YY6JJL,Acer 109 cm (43 inches) I Series 4K Ultra HD Android Smart LED TV AR43AR2851UDFL (Black),Electronics,23999,34990,4.3,4703,31
B09QGZM8QB,Wayona Usb Type C 65W 6Ft/2M Long Fast Charging Cable Compatible For Samsung S22 S20 Fe S21 Ultra A3,Computers&Accessories,399,999,4.3,2806,60
B08L4SBJRY,"Saifsmart Outlet Wall Mount Hanger Holder for Dot 3rd Gen, Compact Bracket Case Plug and Built-in Ca",Electronics,349,1299,4,3295,73
B09X79PP8F,"MI 2-in-1 USB Type C Cable (Micro USB to Type C) 30cm for Smartphone, Headphone, Laptop (White)",Computers&Accessories,179,299,3.9,81,40
B082T6GVG9,"AmazonBasics New Release ABS USB-A to Lightning Cable Cord, Fast Charging MFi Certified Charger for ",Computers&Accessories,689,1500,4.2,42301,54
B0B3XY5YT4,LG 108 cm (43 inches) 4K Ultra HD Smart LED TV 43UQ7500PSF (Ceramic Black),Electronics,30990,49990,4.3,1376,38
B0B4HKH19N,"pTron Solero 331 3.4Amps Multifunction Fast Charging Cable, 3-in-1 USB Cable Micro USB/Type-C/iOS, M",Computers&Accessories,249,931,3.9,1075,73
B08TGG316Z,"10k 8k 4k HDMI Cable, Certified 48Gbps 1ms Ultra High Speed HDMI 2.1 Cable 4k 120Hz 144Hz 2k 165Hz 8",Electronics,999,2399,4.6,3664,58
B071VMP1Z4,LRIPL Compatible Sony Bravia LCD/led Remote Works with Almost All Sony led/LCD tv's,Electronics,399,399,3.9,1951,0
B071SDRGWL,"boAt Type-c A400 Type-c to USB A Cable for All Type C Phones (Lg nexus 5x), 1Mtr(Black)",Computers&Accessories,349,699,4.3,20850,50
B08PSQRW2T,Zoul Type C to Type C Fast Charging Cable 65W 2M/6ft USB C Nylon Braided Cord Compatible with MacBoo,Computers&Accessories,399,1099,4.1,2685,64
B0859M539M,"TP-LINK AC1300 Archer T3U Plus High Gain USB 3.0 Wi-Fi Dongle, Wireless Dual Band MU-MIMO WiFi Adapt",Computers&Accessories,1699,2999,4.4,24780,43
B08RX8G496,LRIPL Mi Remote Control with Netflix & Prime Video Button Compatible for Mi 4X LED Android Smart TV ,Electronics,655,1099,3.2,285,40
B002SZEOLG,TP-Link Nano USB WiFi Dongle 150Mbps High Gain Wireless Network Wi-Fi Adapter for PC Desktop and Lap,Computers&Accessories,749,1339,4.2,179692,44
B08CS3BT4L,Kodak 80 cm (32 inches) HD Ready Certified Android LED TV 32HDX7XPRO (Black),Electronics,9999,12999,4.2,6088,23
B00RFWNJMC,Airtel DigitalTV DTH Remote SD/HD/HD Recording Compatible for Television (Shining Black ),Electronics,195,499,3.7,1383,61
B082T6GXS5,"AmazonBasics New Release Nylon USB-A to Lightning Cable Cord, MFi Certified Charger for Apple iPhone",Computers&Accessories,999,2100,4.5,5492,52
B09CMQRQM6,"Ambrane Fast 100W Output Cable with Type-C to Type-C for Mobile, Laptop, Macbook & Table Charging, 4",Computers&Accessories,499,899,4.2,919,44
B005LJQMCK,BlueRigger Digital Optical Audio Toslink Cable (3.3 Feet / 1 Meter) With 8 Channel (7.1) Audio Suppo,Electronics,416,599,4.2,30023,31
B09C6H53KH,"Duracell Type-C To Micro 1.2M braided Sync & Charge Cable, USB C to Micro Fast Charge Compatible for",Computers&Accessories,368,699,4.2,387,47
B0BB3CBFBM,VU 138 cm (55 inches) Premium Series 4K Ultra HD Smart IPS LED TV 55UT (Black),Electronics,29990,65000,4.1,211,54
B08QSDKFGQ,Zoul USB Type C Fast Charging 3A Nylon Braided Data Cable Quick Charger Cable QC 3.0 for Samsung Gal,Computers&Accessories,339,1099,4.3,974,69
B08PV1X771,Samsung 80 cm (32 inches) Wondertainment Series HD Ready LED Smart TV UA32TE40AAKBXL (Titan Gray),Electronics,15490,20900,4.3,16299,26
B07YTNKVJQ,MI Xiaomi USB Type C HYperCharge Cable 6A 100cm Sturdy and Durable Black Supports 120W HyperCharging,Computers&Accessories,499,1299,4.3,30411,62
B0117H7GZ6,GENERIC Ultra-Mini Bluetooth CSR 4.0 USB Dongle Adapter for Windows Computer ( Black:Golden),Computers&Accessories,249,399,3.4,4642,38
B09XJ1LM7R,7SEVEN® Compatible for Tata Sky Remote Original Set Top HD Box and Suitable for SD Tata Play setup B,Electronics,399,799,4.3,12,50
B084N133Y7,"Belkin Apple Certified Lightning To Type C Cable, Fast Charging For Iphone, Ipad, Air Pods, 3.3 Feet",Computers&Accessories,1499,1999,4.4,1951,25
B088Z1YWBC,EGate i9 Pro-Max 1080p Native Full HD Projector 4k Support | 3600 L (330 ANSI ) | 150 (381 cm) Large,Electronics,9490,15990,3.9,10480,41
B07VSG5SXZ,"ZEBRONICS HAA2021 HDMI version 2.1 cable with 8K @ 60Hz, 4K @ 120Hz, eARC & CEC support, 3D compatib",Electronics,637,1499,4.1,24,58
B08RWCZ6SY,7SEVEN® Compatible for Sony Bravia LCD LED UHD OLED QLED 4K Ultra HD TV remote control with YouTube ,Electronics,399,899,3.9,254,56
B07KSB1MLX,AmazonBasics Digital Optical Coax to Analog RCA Audio Converter Adapter with Fiber Cable,Electronics,1089,1600,4,3565,32
B081FG1QYX,Wayona Type C Cable Nylon Braided USB C QC 3.0 Fast Charging Short Power Bank Cable for Samsung Gala,Computers&Accessories,339,999,4.3,6255,66
B08R69WBN7,"Pinnaclz Original Combo of 2 USB Type C Fast Charging Cable, USB C Data Cable for Charging and Data ",Computers&Accessories,149,499,4,7732,70
B0B3RHX6B6,Ambrane BCL-15 Lightning Cable for Smartphone (1.5m Black),Computers&Accessories,149,399,3.9,57,63
B084N18QZY,"Belkin USB C to USB-C Fast Charging Type C Cable, 60W PD, 3.3 feet (1 meter) for Laptop, Personal Co",Computers&Accessories,599,849,4.5,577,29
B081NHWT6Z,LOHAYA Television Remote Compatible with Samsung Smart LED/LCD/HD TV Remote Control [ Compatible for,Electronics,299,1199,3.9,1193,75
B07JPJJZ2H,"Wayona Nylon Braided Lightning USB Data Sync & 3A Charging Cable for iPhones, iPad Air, iPad Mini, i",Computers&Accessories,399,1299,4.2,13120,69
B09JKNF147,Electvision Remote Control Compatible with Kodak/Thomson Smart led tv (Without Voice) Before Placing,Electronics,339,1999,4,343,83
B0B9959XF3,Acer 80 cm (32 inches) S Series HD Ready Android Smart LED TV AR32AR2841HDSB (Black),Electronics,12499,22990,4.3,1611,46
B09PNR6F8Q,"realme 10W Fast Charging Micro-USB Cable (Braided, Black)",Computers&Accessories,249,399,4,6558,38
B07M69276N,TP-Link AC1300 USB WiFi Adapter (Archer T3U) - 2.4G/5G Dual Band Mini Wireless Network Adapter for P,Computers&Accessories,1399,2499,4.4,23169,44
B0B1YZ9CB8,Acer 139 cm (55 inches) I Series 4K Ultra HD Android Smart LED TV AR55AR2851UDFL (Black),Electronics,32999,47990,4.3,4703,31
B09YLYB9PB,"Ambrane 60W / 3A Fast Charging Output Cable with Micro to USB for Mobile, Neckband, True Wireless Ea",Computers&Accessories,149,399,4,1423,63
B08CTNJ985,Wayona USB Type C 65W Fast Charging 2M/6Ft Long Flash Charge Cable 3A QC 3.0 Data Cable Compatible w,Computers&Accessories,325,999,4.3,2651,67
B0BP7XLX48,Syncwire LTG to USB Cable for Fast Charging Compatible with Phone 5/ 5C/ 5S/ 6/ 6S/ 7/8/ X/XR/XS Max,Computers&Accessories,399,1999,5,5,80
B09LHXNZLR,"Skadioo WiFi Adapter for pc | Car Accessories, WiFi Dongle for pc | USB WiFi Adapter for pc | Wi-Fi ",Computers&Accessories,199,499,3.7,612,60
B0B3N8VG24,"FLiX (Beetel USB to Type C PVC Data Sync & 15W(3A) TPE Fast Charging Cable, Made in India, 480Mbps D",Computers&Accessories,88,299,4,9378,71
B08PSVBB2X,Zoul USB C to USB C Fast Charging Cable 65W Type C to Type C Nylon Braided Cord Compatible with Macb,Computers&Accessories,399,1099,4.1,2685,64
B0B3MQXNFB,"FLiX (Beetel Flow USB to Micro USB PVC Data Sync & 12W(2.4A) Fast Charging Cable,Made in India,480Mb",Computers&Accessories,57.89,199,4,9378,71
B08XMSKKMM,7SEVEN® Bluetooth Voice Command Remote for Xiaomi Redmi Mi Smart TV with Netflix & Prime Video Hot K,Electronics,799,1999,3.3,576,60
B09L8DT7D6,Sony TV - Remote Compatible for Sony LED Remote Control Works with Sony LED TV by Trend Trail Speed ,Electronics,205,499,3.8,313,59
B00GE55L22,Storite USB 3.0 Cable A to Micro B high Speed Upto 5 Gbps Data Transfer Cable for Portable External ,Computers&Accessories,299,699,4.1,2957,57
B0162K34H2,"boAt LTG 500 Apple MFI Certified for iPhone, iPad and iPod 2Mtr Data Cable(Space Grey)",Computers&Accessories,849,999,4.1,6736,15
B0B8SRZ5SV,"AmazonBasics USB C to Lightning Aluminum with Nylon Braided MFi Certified Charging Cable (Grey, 1.2 ",Computers&Accessories,949,1999,4.4,13552,53
B07CWNJLPC,"AmazonBasics Double Braided Nylon USB Type-C to Type-C 2.0 Cable Smartphone (Dark Grey, 3 feet)",Computers&Accessories,499,1200,4.3,5451,58
B00NH12R1O,"Amazon Basics USB 3.0 Cable - A Male to Micro B - 6 Feet (1.8 Meters), Black",Computers&Accessories,299,485,4.3,10911,38
B0B8SSC5D9,"AmazonBasics USB C to Lightning Aluminum with Nylon Braided MFi Certified Charging Cable (Grey, 1.8 ",Computers&Accessories,949,1999,4.4,13552,53
B08WKG2MWT,Wayona Usb C 65W Fast Charging Cable Compatible For Tablets Samsung S22 S20 S10 S20Fe S21 S21 Ultra ,Computers&Accessories,379,1099,4.3,2806,66
B0B466C3G4,Karbonn 80 cm (32 inches) Millenium Bezel-Less Series HD Ready Smart LED TV KJW32SKHD (Phantom Black,Electronics,8990,18990,3.9,350,53
B005LJQMZC,BlueRigger Digital Optical Audio Toslink Cable (6 Feet / 1.8 Meter) With 8 Channel (7.1) Audio Suppo,Electronics,486,1999,4.2,30023,76
B07MDRGHWQ,VW 60 cm (24 inches) Premium Series HD Ready LED TV VW24A (Black),Electronics,5699,11000,4.2,4003,48
B07DC4RZPY,"Amazon Basics USB A to Lightning MFi Certified Charging Cable (White, 1.2 meter)",Computers&Accessories,709,1999,4.1,178817,65
B0B15GSPQW,Samsung 138 cm (55 inches) Crystal 4K Neo Series Ultra HD Smart LED TV UA55AUE65AKXXL (Black),Electronics,47990,70900,4.3,7109,32
B08GJNM9N7,LOHAYA Television Remote Compatible for VU LED LCD HD Tv Remote Control Model No :- EN2B27V,Electronics,299,1199,3.7,490,75
B09C6FML9B,"Duracell Micro USB 3A Braided Sync & Fast Charging Cable, 3.9 Feet (1.2M). Supports QC 2.0/3.0 Charg",Computers&Accessories,320,599,4.1,491,47
B0B65MJ45G,"Zebronics CU3100V Fast charging Type C cable with QC 18W support, 3A max capacity, 1 meter braided c",Computers&Accessories,139,549,3.9,61,75
B08P9RYPLR,"FLiX (Beetel) USB to iPhone Lightning Textured Pattern Data Sync & 2A Fast Charging Cable, Made in I",Computers&Accessories,129,249,4,9378,48
B0B6F8HHR6,MI 108 cm (43 inches) 5A Series Full HD Smart Android LED TV L43M7-EAIN (Black),Electronics,24999,35999,4.2,32840,31
B084MZXJN6,"Belkin Apple Certified Lightning to USB Charge and Sync Cable for iPhone, iPad, Air Pods, 39.6 inch ",Computers&Accessories,999,1699,4.4,7318,41
B08XMG618K,Time Office Scanner Replacement Cable for Startek FM220U (Type C) Ivory,Computers&Accessories,225,499,4.1,789,55
B0BCKWZ884,Caldipree Silicone Case Cover Compatible for 2022 Samsung Smart TV Remote QLED TV BN68-13897A TM2280,Electronics,547,2999,4.3,407,82
B00GGGOYEK,Storite USB 2.0 A to Mini 5 pin B Cable for External HDDS/Camera/Card Readers 35cm,Computers&Accessories,259,699,3.8,2399,63
B07ZR4S1G4,Universal Remote Control for All Sony TV for All LCD LED and Bravia TVs Remote,Electronics,239,699,4.4,2640,66
B09C635BMM,Cotbolt Silicone Case Cover Compatible for Samsung BN59-01312A QLED 8K 4K Smart TV Remote Shockproof,Electronics,349,999,4,839,65
B00GG59HU2,"BlueRigger High Speed HDMI Cable with Ethernet - Supports 3D, 4K 60Hz and Audio Return - Latest Vers",Electronics,467,599,4.4,44054,22
B00RGLI0ZS,"Amkette 30 Pin to USB Charging & Data Sync Cable for iPhone 3G/3GS/4/4s/iPad 1/2/3, iPod Nano 5th/6t",Computers&Accessories,449,599,4,3231,25
B09ZPJT8B2,TCL 80 cm (32 inches) HD Ready Certified Android Smart LED TV 32S615 (Black),Electronics,11990,31990,4.2,64,63
B07HZ2QCGR,POPIO Type C Dash Charging USB Data Cable for OnePlus Devices,Computers&Accessories,350,599,3.9,8314,42
B095244Q22,MYVN LTG to USB for Fast Charging & Data Sync USB Cable Compatible for iPhone 5/5s/6/6S/7/7+/8/8+/10,Computers&Accessories,252,999,3.7,2249,75
B08CKW1KH9,Tata Sky Universal Remote Compatible for SD/HD,Electronics,204,599,3.6,339,66
B0BLV1GNLN,WZATCO Pixel | Portable LED Projector | Native 720p with Full HD 1080P Support | 2000 Lumens (200 AN,Electronics,6490,9990,4,27,35
B08RHPDNVV,7SEVEN® Compatible Tata Sky Remote Control Replacement of Original dth SD HD tata Play Set top Box R,Electronics,235,599,3.5,197,61
B00NH13Q8W,"AmazonBasics USB 2.0 Extension Cable for Personal Computer, Printer, 2-Pack - A-Male to A-Female - 3",Computers&Accessories,299,800,4.5,74977,63
B0B8SSZ76F,"Amazon Basics USB C to Lightning TPE MFi Certified Charging Cable (White, 1.2 meter)",Computers&Accessories,799,1999,4.2,8583,60
B0841KQR1Z,Crypo™ Universal Remote Compatible with Tata Sky Universal HD & SD Set top Box (Also Works with All ,Electronics,299,999,3.8,928,70
B0B467CCB9,Karbonn 80 cm (32 Inches) Millennium Series HD Ready LED TV KJW32NSHDF (Phantom Black) with Bezel-Le,Electronics,6999,16990,3.8,110,59
B095JQVC7N,OnePlus 138.7 cm (55 inches) U Series 4K LED Smart Android TV 55U1S (Black),Electronics,42999,59999,4.1,6753,28
B08PPHFXG3,Posh 1.5 Meter High Speed Gold Plated HDMI Male to Female Extension Cable (Black),Electronics,173,999,4.3,1237,83
B06XR9PR5X,"Amazon Basics HDMI Coupler,Black",Electronics,209,600,4.4,18872,65
B09JSW16QD,"boAt LTG 550v3 Lightning Apple MFi Certified Cable with Spaceship Grade Aluminium Housing,Stress Res",Computers&Accessories,848.99,1490,3.9,356,43
B07JH1CBGW,"Wayona Nylon Braided Usb Syncing And Charging Cable Sync And Charging Cable For Iphone, Ipad (3 Ft, ",Computers&Accessories,649,1999,4.2,24269,68
B09127FZCK,Astigo Compatible Remote for Airtel Digital Set Top Box (Pairing Required with TV Remote),Electronics,299,899,3.8,425,67
B083GQGT3Z,"Caprigo Heavy Duty TV Wall Mount Stand for 12 to 27 inches LED/LCD/Monitor Screen's, Full Motion Rot",Electronics,399,799,4.1,1161,50
B09Q8WQ5QJ,"Portronics Konnect L 60W PD Type C to Type C Mobile Charging Cable, 1.2M, Fast Data Sync, Tangle Res",Computers&Accessories,249,499,4.1,1508,50
B07YZG8PPY,TATA SKY HD Connection with 1 month basic package and free installation,Electronics,1249,2299,4.3,7636,46
B09H39KTTB,Remote Compatible for Samsung LED/LCD Remote Control Works with Samsung LED/LCD TV by Trend Trail,Electronics,213,499,3.7,246,57
B08DCVRW98,SoniVision SA-D10 SA-D100 SA-D40 Home Theater Systems Remote Compatible with Sony RM-ANU156,Electronics,209,499,4,479,58
B0718ZN31Q,Rts™ High Speed 3D Full HD 1080p Support (10 Meters) HDMI Male to HDMI Male Cable TV Lead 1.4V for A,Electronics,598,4999,4.2,910,88
B0162LYSFS,"boAt LTG 500 Apple MFI Certified for iPhone, iPad and iPod 2Mtr Data Cable(Metallic Silver)",Computers&Accessories,799,1749,4.1,5626,54
B07PFJ5VQD,Agaro Blaze USBA to micro +Type C 2in1 Braided 1.2M Cable,Computers&Accessories,159,595,4.3,14184,73
B01J8S6X2I,AmazonBasics 6 Feet DisplayPort to DisplayPort Cable - (Not HDMI Cable) (Gold),Computers&Accessories,499,1100,4.4,25177,55
B09MJ77786,MI 108 cm (43 inches) 5X Series 4K Ultra HD LED Smart Android TV L43M6-ES (Grey),Electronics,31999,49999,4.3,21252,36
B09NNGHG22,Sansui 140cm (55 inches) 4K Ultra HD Certified Android LED TV with Dolby Audio & Dolby Vision JSW55A,Electronics,32990,56790,4.3,567,42
B07V5YF4ND,LOHAYA LCD/LED Remote Compatible for Sony Bravia Smart LCD LED UHD OLED QLED 4K Ultra HD TV Remote C,Electronics,299,1199,3.5,466,75
B0B65P827P,"Zebronics CU3100V Fast charging Type C cable with QC 18W support, 3A max capacity, 1 meter braided c",Computers&Accessories,128.31,549,3.9,61,77
B084MZYBTV,"Belkin USB C to USB-C Fast Charging Type C Cable, 60W PD, 3.3 feet (1 meter) for Laptop, Personal Co",Computers&Accessories,599,849,4.5,474,29
B097ZQTDVZ,7SEVEN® TCL Remote Control Smart TV RC802V Remote Compatible for TCL TV Remote Original 55EP680 40A3,Electronics,399,899,3.4,431,56
B0B5F3YZY4,"Wayona 3in1 Nylon Braided 66W USB Fast Charging Cable with Type C, Lightening and Micro USB Port, Co",Computers&Accessories,449,1099,4,242,59
B09G5TSGXV,"Hi-Mobiler iPhone Charger Lightning Cable,2 Pack Apple MFi Certified USB iPhone Fast Chargering Cord",Computers&Accessories,254,799,4,2905,68
B006LW0WDQ,Amazon Basics 16-Gauge Speaker Wire - 50 Feet,Electronics,399,795,4.4,12091,50
B09YLX91QR,"Ambrane 60W / 3A Fast Charging Output Cable with Type-C to USB for Mobile, Neckband, True Wireless E",Computers&Accessories,179,399,4,1423,55
B081FJWN52,Wayona Usb Type C To Usb Nylon Braided Quick Charger Fast Charging Short Cable For Smartphone (Samsu,Computers&Accessories,339,999,4.3,6255,66
B0758F7KK7,"Caprigo Heavy Duty TV Wall Mount Bracket for 14 to 32 Inch LED/HD/Smart TV’s, Universal Fixed TV Wal",Electronics,399,999,4,1236,60
B09L835C3V,"Smashtronics® - Case for Firetv Remote, Fire Stick Remote Cover Case, Silicone Cover for TV Firestic",Electronics,199,399,4.2,1335,50
B098TV3L96,Electvision Remote Control for led Smart tv Compatible with VU Smart Led (Without Voice),Electronics,349,1999,3.8,197,83
B08NCKT9FG,Boat A 350 Type C Cable 1.5m(Jet Black),Computers&Accessories,299,798,4.4,28791,63
B0B4T6MR8N,"pTron Solero M241 2.4A Micro USB Data & Charging Cable, Made in India, 480Mbps Data Sync, Durable 1-",Computers&Accessories,89,800,3.9,1075,89
B01GGKZ4NU,"AmazonBasics USB Type-C to USB Type-C 2.0 Cable for Charging Adapter, Smartphone - 9 Feet (2.7 Meter",Computers&Accessories,549,995,4.2,29746,45
B09BW2GP18,"Croma 3A Fast charge 1m Type-C to All Type-C Phones sync and charge cable, Made in India, 480Mbps Da",Computers&Accessories,129,1000,3.9,295,87
B09WN3SRC7,Sony Bravia 164 cm (65 inches) 4K Ultra HD Smart LED Google TV KD-65X74K (Black),Electronics,77990,139900,4.7,5935,44
B09B125CFJ,7SEVEN® Compatible for Mi tv Remote Control Original Suitable with Smart Android 4K LED Non Voice Co,Electronics,349,799,3.6,323,56
B09RQRZW2X,7SEVEN® Compatible Vu Smart Tv Remote Control Suitable for Original 4K Android LED Ultra HD UHD Vu T,Electronics,499,899,3.7,185,44
B07924P3C5,Storite High Speed Micro USB 3.0 Cable A to Micro B for External & Desktop Hard Drives 45cm,Computers&Accessories,299,799,4.2,2117,63
B08N1WL9XW,FLiX (Beetel) 3in1 (Type C|Micro|Iphone Lightening) Textured Pattern 3A Fast Charging Cable with QC ,Computers&Accessories,182,599,4,9378,70
B07VVXJ2P5,SVM Products Unbreakable Set Top Box Stand with Dual Remote Holder (Black),Electronics,96,399,3.6,1796,76
B0BC8BQ432,VU 164 cm (65 inches) The GloLED Series 4K Smart LED Google TV 65GloLED (Grey),Electronics,54990,85000,4.3,3587,35
B06XFTHCNY,"CableCreation RCA to 3.5mm Male Audio Cable, 3.5mm to 2RCA Cable Male RCA Cable,Y Splitter Stereo Ja",Electronics,439,758,4.2,4296,42
B08CT62BM1,Wayona USB Type C Fast Charging Cable Charger Cord 3A QC 3.0 Data Cable Compatible with Samsung Gala,Computers&Accessories,299,999,4.3,2651,70
B07CRL2GY6,boAt Rugged V3 Braided Micro USB Cable (Pearl White),Computers&Accessories,299,799,4.2,94363,63
B07DWFX9YS,"Amazon Basics USB A to Lightning PVC Molded Nylon MFi Certified Charging Cable (Black, 1.2 meter)",Computers&Accessories,789,1999,4.2,34540,61
B01D5H90L4,AmazonBasics - High-Speed Male to Female HDMI Extension Cable - 6 Feet,Electronics,299,700,4.4,8714,57
B07F1P8KNV,"Wayona Nylon Braided Usb Type C 3Ft 1M 3A Fast Charger Cable For Samsung Galaxy S9 S8 (Wc3Cb1, Black",Computers&Accessories,325,1099,4.2,10576,70
B084N1BM9L,"Belkin Apple Certified Lightning to USB Charge and Sync Tough Braided Cable for iPhone, iPad, Air Po",Computers&Accessories,1299,1999,4.4,7318,35
B09F6D21BY,7SEVEN Compatible LG TV Remote Suitable for LG Non Magic Smart tv Remote Control (Mouse & Voice Non-,Electronics,790,1999,3,103,60
B09LQQYNZQ,Realme Smart TV Stick 4K,Electronics,4699,4699,4.5,224,0
B0BC9BW512,Acer 100 cm (40 inches) P Series Full HD Android Smart LED TV AR40AR2841FDFL (Black),Electronics,18999,24990,4.3,4702,24
B0B61HYR92,"Lapster usb 2.0 mantra cable, mantra mfs 100 data cable (black)",Computers&Accessories,199,999,4.2,85,80
B075ZTJ9XR,"AmazonBasics High-Speed Braided HDMI Cable - 3 Feet - Supports Ethernet, 3D, 4K and Audio Return (Bl",Electronics,269,650,4.4,35877,59
B0978V2CP6,"Cubetek 3 in 1 LCD Display V5.0 Bluetooth Transmitter Receiver, Bypass Audio Adapter with Aux, Optic",Electronics,1990,3100,4,897,36
B09LRZYBH1,"KRISONS Thunder Speaker, Multimedia Home Theatre, Floor Standing Speaker, LED Display with Bluetooth",Electronics,2299,3999,3.8,282,43
B0B997FBZT,Acer 139 cm (55 inches) H Series 4K Ultra HD Android Smart LED TV AR55AR2851UDPRO (Black),Electronics,35999,49990,4.3,1611,28
B098LCVYPW,Dealfreez Case Compatible for Fire TV Stick 4K All Alexa Voice Remote Shockproof Silicone Anti-Lost ,Electronics,349,999,4.2,513,65
B09HV71RL1,Wayona Type C to Lightning MFI Certified 20W Fast charging Nylon Braided USB C Cable for iPhone 14 P,Computers&Accessories,719,1499,4.1,1045,52
B08PZ6HZLT,VW 80 cm (32 inches) HD Ready Android Smart LED TV VW32PRO (Black),Electronics,8999,18999,4,6347,53
B075TJHWVC,Airtel Digital TV HD Set Top Box with 1 Month Basic Pack with Recording + Free Standard Installation,Electronics,917,2299,4.2,3300,60
B09LV13JFB,LOHAYA Voice Assistant Remote Compatible for Airtel Xstream Set-Top Box Remote Control with Netflix ,Electronics,399,999,3.3,23,60
B092BL5DCX,Samsung 138 cm (55 inches) Crystal 4K Series Ultra HD Smart LED TV UA55AUE60AKLXL (Black),Electronics,45999,69900,4.3,7109,34
B09VH568H7,Amazon Brand - Solimo 3A Fast Charging Tough Type C USB Data Cable  – 1 Meter,Computers&Accessories,119,299,3.8,51,60
B09HQSV46W,Mi 100 cm (40 inches) Horizon Edition Full HD Android LED TV 4A | L40M6-EI (Black),Electronics,21999,29999,4.2,32840,27
B08TZD7FQN,Astigo Compatible Remote Control for Mi Smart LED 4A (43/32),Electronics,299,599,3.7,708,50
B0B21XL94T,Toshiba 108 cm (43 inches) V Series Full HD Smart Android LED TV 43V35KP (Silver),Electronics,21990,34990,4.3,1657,37
B09PTT8DZF,Lenovo USB A to Type-C Tangle-free  Aramid fiber braided 1.2m cable with 4A Fast charging & 480 MBPS,Computers&Accessories,417.44,670,3.9,523,38
B0B3XXSB1K,LG 139 cm (55 inches) 4K Ultra HD Smart LED TV 55UQ7500PSF (Ceramic Black),Electronics,47990,79990,4.3,1376,40
B08RZ12GKR,Tata Sky Digital TV HD Setup Box Remote,Electronics,215,499,3.5,121,57
B0B4T8RSJ1,"pTron Solero T241 2.4A Type-C Data & Charging USB Cable, Made in India, 480Mbps Data Sync, Durable 1",Computers&Accessories,99,800,3.9,1075,88
B0B7B9V9QP,VU 108 cm (43 inches) Premium Series Full HD Smart LED TV 43GA (Black),Electronics,18999,35000,4,1001,46
B08XXVXP3J,"Storite Super Speed USB 3.0 Male to Male Cable for Hard Drive Enclosures, Laptop Cooling Pad, DVD Pl",Computers&Accessories,249,999,4.3,112,75
B06XGWRKYT,Kodak 80 cm (32 Inches) HD Ready LED TV Kodak 32HDX900S (Black),Electronics,7999,15999,3.8,3022,50
B07CWDX49D,"AmazonBasics Double Braided Nylon USB Type-C to Type-C 2.0 Cable, Charging Adapter, Smartphone 6 fee",Computers&Accessories,649,1600,4.3,5451,59
B09TY4MSH3,Firestick Remote,Electronics,1289,2499,3.3,73,48
B07RY2X9MP,"AmazonBasics 10.2 Gbps High-Speed 4K HDMI Cable with Braided Cord (10-Foot, Dark Grey)",Electronics,609,1500,4.5,1029,59
B0B2C5MJN6,Hisense 126 cm (50 inches) Bezelless Series 4K Ultra HD Smart LED Google TV 50A6H (Black),Electronics,32990,54990,4.1,1555,40
B0BBMGLQDW,"Tuarso 8K HDMI 2.1 Cable 48Gbps , 1.5 Meter High-Speed Braided HDMI Cable ( 8K@60HZ、4K@120HZ、2K@240H",Electronics,599,1999,4.2,47,70
B01LONQBDG,AmazonBasics USB Type-C to Micro-B 2.0 Cable - 6 Inches (15.2 Centimeters) - White,Computers&Accessories,349,899,4.1,14896,61
B08XXF5V6G,Kodak 139 cm (55 inches) 4K Ultra HD Smart LED TV 55CA0909 (Black),Electronics,29999,50999,4.4,1712,41
B09HK9JH4F,"Smashtronics® - Case for Firetv Remote, Fire Stick Remote Cover Case, Silicone Cover for TV Firestic",Electronics,199,399,4.2,1335,50
B09MMD1FDN,7SEVEN® Suitable Sony Tv Remote Original Bravia for Smart Android Television Compatible for Any Mode,Electronics,349,699,3.9,214,50
B09HN7LD5L,"PROLEGEND® PL-T002 Universal TV Stand Table Top for Most 22 to 65 inch LCD Flat Screen TV, VESA up t",Electronics,1850,4500,4,184,59
B0BNDD9TN6,WANBO X1 Pro (Upgraded) | Native 1080P Full HD | Android 9 | Projector for Home | LED Cinema | 350AN,Electronics,13990,28900,4.5,7,52
B0941392C8,"Lava Charging Adapter Elements D3 2A Fast Charging Speed Usb Type C Data Cable, White",Computers&Accessories,129,449,3.7,41,71
B01M5967SY,"TIZUM High Speed HDMI Cable Aura -Gold Plated-High Speed Data 10.2Gbps, 3D, 4K, HD 1080P (10 Ft/ 3 M",Electronics,379,999,4.2,12153,62
B016MDK4F4,Technotech High Speed HDMI Cable 5 Meter V1.4 - Supports Full HD 1080p (Color May Vary),Electronics,185,499,4.2,25,63
B08G43CCLC,"NK STAR 950 Mbps USB WiFi Adapter Wireless Network Receiver Dongle for Desktop Laptop, (Support- Win",Computers&Accessories,218,999,4.2,163,78
B0B61GCHC1,"LS LAPSTER Quality Assured USB 2.0 morpho cable, morpho device cable for Mso 1300 E3/E2/E Biometric ",Computers&Accessories,199,999,4.3,87,80
B07RX14W1Q,"Amazon Basics 10.2 Gbps High-Speed 4K HDMI Cable with Braided Cord, 1.8 Meter, Dark Grey",Electronics,499,900,4.4,2165,45
B09PLD9TCD,Kodak 126 cm (50 inches) Bezel-Less Design Series 4K Ultra HD Smart Android LED TV 50UHDX7XPROBL (Bl,Electronics,26999,42999,4.2,1510,37
B0B8ZKWGKD,"ZORBES® Wall Adapter Holder for Alexa Echo Dot 4th Generation,A Space-Saving Solution with Cord Mana",Electronics,893,1052,4.3,106,15
B09NNJ9WYM,Sansui 80cm (32 inches) HD Ready Smart LED TV JSY32SKHD (BLACK) With Bezel-less Design,Electronics,10990,19990,3.7,129,45
B08H5L8V1L,"Synqe USB Type C Fast Charging Cable 2M Charger Cord Data Cable Compatible with Samsung Galaxy M51,G",Computers&Accessories,379,1099,4.3,3049,66
B0B8CXTTG3,MI 80 cm (32 inches) HD Ready Smart Android LED TV 5A Pro | L32M7-EAIN (Black),Electronics,16999,25999,4.2,32840,35
B09HCH3JZG,Bestor ® 8K Hdmi 2.1 Cable 48Gbps 9.80Ft/Ultra High Speed Hdmi Braided Cord For Roku Tv/Ps5/Hdtv/Blu,Electronics,699,1899,4.4,390,63
B097JVLW3L,Irusu Play VR Plus Virtual Reality Headset with Headphones for Gaming (Black),Electronics,2699,3500,3.5,621,23
B09SB6SJB4,"Amazon Brand - Solimo Fast Charging Braided Type C Data Cable Seam, Suitable For All Supported Mobil",Computers&Accessories,129,599,4.1,265,78
B08NW8GHCJ,Synqe USB C to USB C 60W Nylon Braided Fast Charging Type C to Type C Cable Compatible with Samsung ,Computers&Accessories,389,999,4.3,838,61
B09YHLPQYT,Shopoflux Silicone Remote Cover for Mi Smart TV and Mi TV Stick/MI Box S / 3S / MI 4X / 4A Smart LED,Electronics,246,600,4.2,143,59
B08G1RW2Q3,EYNK Extra Long Micro USB Fast Charging USB Cable | Micro USB Data Cable | Quick Fast Charging Cable,Computers&Accessories,299,799,4,151,63
B08YXJJW8H,"LUNAGARIYA®, Protective Case Compatible with JIO Settop Box Remote Control,PU Leather Cover Holder (",Electronics,247,399,3.9,200,38
B09P8M18QM,7SEVEN® Compatible with Fire Tv Stick Remote with Voice Command Feature Suitable for Second Generati,Electronics,1369,2999,3.3,227,54
B08BG4M4N7,"PRUSHTI COVER AND BAGS, Protective Case for Airtel Xstream settop Box Remote Remote Control Pouch Co",Electronics,199,499,3.8,538,60
B07VJ9ZTXS,Aine HDMI Male to VGA Female Video Converter Adapter Cable (Black),Electronics,299,599,4,171,50
B084872DQY,Mi 80 cm (32 inches) HD Ready Android Smart LED TV 4A PRO | L32M5-AL (Black),Electronics,14999,14999,4.3,27508,0
B00GGGOYEU,Storite USB 2.0 A to Mini 5 pin B Cable for External HDDS/Camera/Card Readers (150cm - 1.5M),Computers&Accessories,299,699,3.9,1454,57
B08FD2VSD9,TCL 108 cm (43 inches) 4K Ultra HD Certified Android Smart LED TV 43P615 (Black),Electronics,24990,51990,4.2,2951,52
B095JPKPH3,OnePlus 163.8 cm (65 inches) U Series 4K LED Smart Android TV 65U1S (Black),Electronics,61999,69999,4.1,6753,11
B087JWLZ2K,AmazonBasics 108 cm (43 inches) 4K Ultra HD Smart LED Fire TV AB43U20PS (Black),Electronics,24499,50000,3.9,3518,51
B09DSXK8JX,Kodak 80 cm (32 inches) HD Ready Certified Android Smart LED TV 32HDX7XPROBL (Black),Electronics,10499,19499,4.2,1510,46
B08V9C4B1J,"Synqe Type C to Type C Short Fast Charging 60W Cable Compatible with Samsung Galaxy Z Fold3 5G, Z Fl",Computers&Accessories,349,999,4.3,838,65
B08PKBMJKS,Airtel DigitalTV HD Setup Box Remote,Electronics,197,499,3.8,136,61
B0B8VQ7KDS,Airtel Digital TV HD Set Top Box with FTA Pack | Unlimited Entertainment + Recording Feature + Free ,Electronics,1299,2499,4.3,301,48
B086JTMRYL,"ESR USB C to Lightning Cable, 10 ft (3 m), MFi-Certified, Braided Nylon Power Delivery Fast Charging",Computers&Accessories,1519,1899,4.4,19763,20
B09RWQ7YR6,MI 138.8 cm (55 inches) 5X Series 4K Ultra HD LED Smart Android TV L55M6-ES (Grey),Electronics,46999,69999,4.3,21252,33
B00OFM6PEO,Storite USB Extension Cable USB 3.0 Male to Female Extension Cable High Speed 5GBps Extension Cable ,Computers&Accessories,299,799,4.3,1902,63
B0BF57RN3K,"Fire-Boltt Ninja Call Pro Plus 1.83 Smart Watch with Bluetooth Calling, AI Voice Assistance, 100 Spo",Electronics,1799,19999,4.2,13937,91
B0B3RRWSF6,"Fire-Boltt Phoenix Smart Watch with Bluetooth Calling 1.3,120+ Sports Modes, 240*240 PX High Res wit",Electronics,1998,9999,4.3,27696,80
B0B5B6PQCT,"boAt Wave Call Smart Watch, Smart Talk with Advanced Dedicated Bluetooth Calling Chip, 1.69” HD Disp",Electronics,1999,7990,3.8,17831,75
B08HV83HL3,MI Power Bank 3i 20000mAh Lithium Polymer 18W Fast Power Delivery Charging | Input- Type C | Micro U,Electronics,2049,2199,4.3,178912,7
B0BBN4DZBD,"Redmi A1 (Light Blue, 2GB RAM, 32GB Storage) | Segment Best AI Dual Cam | 5000mAh Battery | Leather ",Electronics,6499,8999,4,7807,28
B0B3CPQ5PF,"OnePlus Nord 2T 5G (Jade Fog, 8GB RAM, 128GB Storage)",Electronics,28999,28999,4.3,17415,0
B0B3CQBRB4,"OnePlus Nord 2T 5G (Gray Shadow, 8GB RAM, 128GB Storage)",Electronics,28999,28999,4.3,17415,0
B0BBN56J5H,"Redmi A1 (Black, 2GB RAM, 32GB Storage) | Segment Best AI Dual Cam | 5000mAh Battery | Leather Textu",Electronics,6499,8999,4,7807,28
B0BBN3WF7V,"Redmi A1 (Light Green, 2GB RAM 32GB ROM) | Segment Best AI Dual Cam | 5000mAh Battery | Leather Text",Electronics,6499,8999,4,7807,28
B0BDRVFDKP,"SanDisk Ultra® microSDXC™ UHS-I Card, 64GB, 140MB/s R, 10 Y Warranty, for Smartphones",Electronics,569,1000,4.4,67259,43
B0B5LVS732,"Noise Pulse Go Buzz Smart Watch Bluetooth Calling with 1.69 Display, 550 NITS, 150+ Cloud Watch Face",Electronics,1898,4999,4.1,10689,62
B09V2Q4QVQ,"Nokia 105 Single SIM, Keypad Mobile Phone with Wireless FM Radio | Charcoal",Electronics,1299,1599,4,128311,19
B09V12K8NT,"boAt Wave Lite Smartwatch with 1.69 HD Display, Sleek Metal Body, HR & SpO2 Level Monitor, 140+ Watc",Electronics,1499,6990,3.9,21796,79
B01DEWVZ2C,"JBL C100SI Wired In Ear Headphones with Mic, JBL Pure Bass Sound, One Button Multi-function Remote, ",Electronics,599,999,4.1,192590,40
B0BMGB3CH9,"Samsung Galaxy M04 Dark Blue, 4GB RAM, 64GB Storage | Upto 8GB RAM with RAM Plus | MediaTek Helio P3",Electronics,9499,11999,4.2,284,21
B08D77XZX5,"PTron Tangentbeat in-Ear Bluetooth 5.0 Wireless Headphones with Mic, Enhanced Bass, 10mm Drivers, Cl",Electronics,599,2499,3.9,58162,76
B09XB8GFBQ,"Redmi 10A (Charcoal Black, 4GB RAM, 64GB Storage) | 2 Ghz Octa Core Helio G25 | 5000 mAh Battery | F",Electronics,8999,11999,4,12796,25
B07WG8PDCW,"pTron Bullet Pro 36W PD Quick Charger, 3 Port Fast Car Charger Adapter - Compatible with All Smartph",Electronics,349,1299,4,14282,73
B07GPXXNNG,boAt Bassheads 100 in Ear Wired Earphones with Mic(Taffy Pink),Electronics,349,999,4.1,363713,65
B0BDYVC5TD,"SanDisk Ultra® microSDXC™ UHS-I Card, 128GB, 140MB/s R, 10 Y Warranty, for Smartphones",Electronics,959,1800,4.4,67259,47
B0BMGB2TPR,"Samsung Galaxy M04 Light Green, 4GB RAM, 64GB Storage | Upto 8GB RAM with RAM Plus | MediaTek Helio ",Electronics,9499,11999,4.2,284,21
B08MC57J31,"MI 10000mAh Lithium Ion, Lithium Polymer Power Bank Pocket Pro with 22.5 Watt Fast Charging, Dual In",Electronics,1499,2499,4.3,15970,40
B08HVL8QN3,"Mi 10000mAH Li-Polymer, Micro-USB and Type C Input Port, Power Bank 3i with 18W Fast Charging (Midni",Electronics,1149,2199,4.3,178912,48
B0746JGVDS,"ELV Car Mount Adjustable Car Phone Holder Universal Long Arm, Windshield for Smartphones - Black",Electronics,349,999,3.9,46399,65
B08VFF6JQ8,Samsung 25W USB Travel Adapter for Cellular Phones - White,Electronics,1219,1699,4.4,8891,28
B09NVPSCQT,"Noise ColorFit Pulse Grand Smart Watch with 1.69(4.29cm) HD Display, 60 Sports Modes, 150 Watch Face",Electronics,1599,3999,4,30254,60
B09YV4RG4D,"Fire-Boltt Ninja 3 Smartwatch Full Touch 1.69 & 60 Sports Modes with IP68, Sp02 Tracking, Over 100 C",Electronics,1499,7999,4.2,22636,81
B09TWHTBKQ,"Samsung Galaxy M33 5G (Mystique Green, 8GB, 128GB Storage) | 6000mAh Battery | Upto 16GB RAM with RA",Electronics,18499,25999,4.1,22318,29
B08L5HMJVW,"SanDisk Ultra microSD UHS-I Card 32GB, 120MB/s R",Electronics,369,700,4.4,67259,47
B0B4F2XCK3,"Samsung Galaxy M13 (Aqua Green, 6GB, 128GB Storage) | 6000mAh Battery | Upto 12GB RAM with RAM Plus",Electronics,12999,17999,4.1,18998,28
B0BF54972T,"Fire-Boltt Ninja Call Pro Plus 1.83 Smart Watch with Bluetooth Calling, AI Voice Assistance, 100 Spo",Electronics,1799,19999,4.2,13937,91
B09YV4MW2T,"Fire-Boltt India's No 1 Smartwatch Brand Talk 2 Bluetooth Calling Smartwatch with Dual Button, Hands",Electronics,2199,9999,4.2,29471,78
B09TWH8YHM,"Samsung Galaxy M33 5G (Emerald Brown, 6GB, 128GB Storage) | 6000mAh Battery | Upto 12GB RAM with RAM",Electronics,16999,24999,4.1,22318,32
B07WGMMQGP,"iQOO vivo Z6 5G (Chromatic Blue, 6GB RAM, 128GB Storage) | Snapdragon 695-6nm Processor | 120Hz FHD+",Electronics,16499,20999,4,21350,21
B0BF563HB4,"Fire-Boltt Ninja Call Pro Plus 1.83 Smart Watch with Bluetooth Calling, AI Voice Assistance, 100 Spo",Electronics,1799,19999,4.2,13937,91
B07JW9H4J1,"Wayona Nylon Braided USB to Lightning Fast Charging and Data Sync Cable Compatible for iPhone 13, 12",Computers&Accessories,399,1099,4.2,24270,64
B09GFPVD9Y,"Redmi 9 Activ (Carbon Black, 4GB RAM, 64GB Storage) | Octa-core Helio G35 | 5000 mAh Battery",Electronics,8499,10999,4.1,313836,23
B09GFLXVH9,"Redmi 9A Sport (Coral Green, 2GB RAM, 32GB Storage) | 2GHz Octa-core Helio G25 Processor | 5000 mAh ",Electronics,6499,8499,4.1,313836,24
B0BF4YBLPX,"Fire-Boltt Ninja Call Pro Plus 1.83 Smart Watch with Bluetooth Calling, AI Voice Assistance, 100 Spo",Electronics,1799,19999,4.2,13937,91
B09XB7DPW1,"Redmi 10A (Sea Blue, 4GB RAM, 64GB Storage) | 2 Ghz Octa Core Helio G25 | 5000 mAh Battery | Finger ",Electronics,8999,11999,4,12796,25
B07PFJ5W31,AGARO Blaze USB 3.0 to USB Type C OTG Adapter,Electronics,139,495,4.3,14185,72
B0B3N7LR6K,Fire-Boltt Visionary 1.78 AMOLED Bluetooth Calling Smartwatch with 368*448 Pixel Resolution 100+ Spo,Electronics,3999,16999,4.3,17159,76
B09ZQK9X8G,"Noise ColorFit Pro 4 Advanced Bluetooth Calling Smart Watch with 1.72 TruView Display, Fully-Functio",Electronics,2998,5999,4.1,5179,50
B098NS6PVG,"Ambrane Unbreakable 60W / 3A Fast Charging 1.5m Braided Type C Cable for Smartphones, Tablets, Lapto",Computers&Accessories,199,349,4,43993,43
B07WJV6P1R,"iQOO Z6 Lite 5G by vivo (Stellar Green, 6GB RAM, 128GB Storage) | World's First Snapdragon 4 Gen 1 |",Electronics,15499,18999,4.1,19252,18
B096MSW6CT,"Sounce Fast Phone Charging Cable & Data Sync USB Cable Compatible for iPhone 13, 12,11, X, 8, 7, 6, ",Computers&Accessories,199,999,3.9,7928,80
B0BF54LXW6,"Fire-Boltt Ninja Call Pro Plus 1.83 Smart Watch with Bluetooth Calling, AI Voice Assistance, 100 Spo",Electronics,1799,19999,4.2,13937,91
B09XB7SRQ5,"Redmi 10A (Slate Grey, 4GB RAM, 64GB Storage) | 2 Ghz Octa Core Helio G25 | 5000 mAh Battery | Finge",Electronics,8999,11999,4,12796,25
B09FFK1PQG,"Duracell 38W Fast Car Charger Adapter with Dual Output. Quick Charge, Type C PD 20W & Qualcomm Certi",Electronics,873,1699,4.4,1680,49
B09RMQYHLH,"realme narzo 50 (Speed Blue, 4GB RAM+64GB Storage) Helio G96 Processor | 50MP AI Triple Camera | 120",Electronics,12999,15999,4.2,13246,19
B08ZN4B121,"WeCool Bluetooth Extendable Selfie Sticks with Wireless Remote and Tripod Stand, 3-in-1 Multifunctio",Electronics,539,1599,3.8,14648,66
B0B3RSDSZ3,"Fire-Boltt Phoenix Smart Watch with Bluetooth Calling 1.3,120+ Sports Modes, 240*240 PX High Res wit",Electronics,1999,9999,4.3,27696,80
B08VB34KJ1,"OPPO A74 5G (Fantastic Purple,6GB RAM,128GB Storage) with No Cost EMI/Additional Exchange Offers",Electronics,15490,20990,4.2,32916,26
B09T39K9YL,"Redmi Note 11 Pro + 5G (Stealth Black, 6GB RAM, 128GB Storage) | 67W Turbo Charge | 120Hz Super AMOL",Electronics,19999,24999,3.9,25824,20
B08VF8V79P,"Samsung Original 25W USB Travel Lightning Adapter for Cellular Phones, Black",Electronics,1075,1699,4.4,7462,37
B08G28Z33M,realme Buds Classic Wired in Ear Earphones with Mic (Black),Electronics,399,699,4,37817,43
B09PNKXSKF,"Noise ColorFit Pulse Grand Smart Watch with 1.69 HD Display, 60 Sports Modes, 150 Watch Faces, Spo2 ",Electronics,1999,3990,4,30254,50
B0B5DDJNH4,"boAt Wave Call Smart Watch, Smart Talk with Advanced Dedicated Bluetooth Calling Chip, 1.69” HD Disp",Electronics,1999,7990,3.8,17831,75
B08HDJ86NZ,"boAt Deuce USB 300 2 in 1 Type-C & Micro USB Stress Resistant, Tangle-Free, Sturdy Cable with 3A Fas",Computers&Accessories,329,699,4.2,94364,53
B08CF3B7N1,"Portronics Konnect L 1.2M Fast Charging 3A 8 Pin USB Cable with Charge & Sync Function for iPhone, i",Computers&Accessories,154,399,4.2,16905,61
B07WDKLDRX,"iQOO Neo 6 5G (Dark Nova, 8GB RAM, 128GB Storage) | Snapdragon® 870 5G | 80W FlashCharge",Electronics,28999,34999,4.4,20311,17
B09MQSCJQ1,"boAt Xtend Smartwatch with Alexa Built-in, 1.69” HD Display, Multiple Watch Faces, Stress Monitor, H",Electronics,2299,7990,4.2,69622,71
B094YFFSMY,"Tygot Bluetooth Extendable Selfie Sticks with Wireless Remote and Tripod Stand, 3-in-1 Multifunction",Electronics,399,1999,4,3382,80
B09MT84WV5,Samsung EVO Plus 128GB microSDXC UHS-I U3 130MB/s Full HD & 4K UHD Memory Card with Adapter (MB-MC12,Electronics,1149,3999,4.3,140036,71
B08VS3YLRK,Portronics Adapto 20 Type C 20W Fast PD/Type C Adapter Charger with Fast Charging for iPhone 12/12 P,Electronics,529,1499,4.1,8599,65
B0B4F3QNDM,"Samsung Galaxy M13 5G (Aqua Green, 6GB, 128GB Storage) | 5000mAh Battery | Upto 12GB RAM with RAM Pl",Electronics,13999,19499,4.1,18998,28
B07GQD4K6L,boAt Bassheads 100 in Ear Wired Earphones with Mic(Furious Red),Electronics,379,999,4.1,363713,62
B07WDKLRM4,"iQOO Z6 44W by vivo (Lumina Blue, 4GB RAM, 128GB Storage) | 6.44 FHD+ AMOLED Display | 50% Charge in",Electronics,13999,19999,4.1,19252,30
B0BP18W8TM,"Fire-Boltt Gladiator 1.96 Biggest Display Smart Watch with Bluetooth Calling, Voice Assistant &123 S",Electronics,3999,9999,4.4,73,60
B08Y1TFSP6,"pTron Solero TB301 3A Type-C Data and Fast Charging Cable, Made in India, 480Mbps Data Sync, Strong ",Computers&Accessories,149,1000,3.9,24870,85
B07GXHC691,"STRIFF PS2_01 Multi Angle Mobile/Tablet Tabletop Stand. Phone Holder for iPhone, Android, Samsung, O",Electronics,99,499,4.3,42641,80
B08FN6WGDQ,"Samsung Galaxy Buds Live Bluetooth Truly Wireless in Ear Earbuds with Mic, Upto 21 Hours Playtime, M",Electronics,4790,15990,4,4390,70
B0B3D39RKV,"OnePlus Nord 2T 5G (Jade Fog, 12GB RAM, 256GB Storage)",Electronics,33999,33999,4.3,17415,0
B085HY1DGR,Sounce Spiral Charger Cable Protector Data Cable Saver Charging Cord Protective Cable Cover Headphon,Computers&Accessories,99,999,4,1396,90
B08D75R3Z1,"PTron Boom Ultima 4D Dual Driver, in-Ear Gaming Wired Headphones with in-line Mic, Volume Control & ",Electronics,299,1900,3.6,18202,84
B0B4F2TTTS,"Samsung Galaxy M13 (Aqua Green, 4GB, 64GB Storage) | 6000mAh Battery | Upto 8GB RAM with RAM Plus",Electronics,10999,14999,4.1,18998,27
B09WRMNJ9G,"OnePlus 10R 5G (Forest Green, 8GB RAM, 128GB Storage, 80W SuperVOOC)",Electronics,34999,38999,4.2,11029,10
B0B14MR9L1,"Samsung Galaxy M33 5G (Emerald Brown, 6GB, 128GB Storage) | 6000mAh Battery | Upto 12GB RAM with RAM",Electronics,16999,24999,4.1,22318,32
B09ZPL5VYM,"Ambrane Mobile Holding Stand, 180° Perfect View, Height Adjustment, Wide Compatibility, Multipurpose",Electronics,199,499,4.1,1786,60
B0993BB11X,"Ambrane 10000mAh Slim Power Bank, 20W Fast Charging, Dual Output, Type C PD (Input & Output), Quick ",Electronics,999,1599,4,7222,38
B09V2PZDX8,"Nokia 105 Single SIM, Keypad Mobile Phone with Wireless FM Radio | Blue",Electronics,1299,1599,4,128311,19
B085W8CFLH,"PTron Tangent Lite Bluetooth 5.0 Earphones with Mic, Hi-Fi Stereo Sound Neckband, 8Hrs Playtime, Lig",Electronics,599,1800,3.5,83996,67
B09MT6XSFW,Samsung EVO Plus 64GB microSDXC UHS-I U1 130MB/s Full HD & 4K UHD Memory Card with Adapter (MB-MC64K,Electronics,599,1899,4.3,140036,68
B07RD611Z8,"Ambrane 20000mAh Power Bank with 20W Fast Charging, Triple Output, Power Delivery, Type C Input, Mad",Electronics,1799,2499,4.1,18678,28
B08WRWPM22,"boAt Micro USB 55 Tangle-free, Sturdy Micro USB Cable with 3A Fast Charging & 480mbps Data Transmiss",Computers&Accessories,176.63,499,4.1,15189,65
B0B4F52B5X,"Samsung Galaxy M13 (Midnight Blue, 4GB, 64GB Storage) | 6000mAh Battery | Upto 8GB RAM with RAM Plus",Electronics,10999,14999,4.1,18998,27
B096VF5YYF,"boAt Xtend Smartwatch with Alexa Built-in, 1.69” HD Display, Multiple Watch Faces, Stress Monitor, H",Electronics,2999,7990,4.1,48449,62
B0B5D39BCD,"boAt Wave Call Smart Watch, Smart Talk with Advanced Dedicated Bluetooth Calling Chip, 1.69” HD Disp",Electronics,1999,7990,3.8,17831,75
B08DDRGWTJ,MI Usb Type-C Cable Smartphone (Black),Computers&Accessories,229,299,4.3,30411,23
B082LZGK39,"Ambrane Unbreakable 60W / 3A Fast Charging 1.5m Braided Micro USB Cable for Smartphones, Tablets, La",Computers&Accessories,199,299,4,43994,33
B09XBJ1CTN,MI Xiaomi 22.5W Fast USB Type C Charger Combo for Tablets - White,Electronics,649,999,4.2,1315,35
B0B4F5L738,"Samsung Galaxy M13 5G (Aqua Green, 6GB, 128GB Storage) | 5000mAh Battery | Upto 12GB RAM with RAM Pl",Electronics,13999,19499,4.1,18998,28
B08MTCKDYN,"Gizga Essentials Spiral Cable Protector Cord Saver for Mac Charger, iPhone Charger, Wire Protector, ",Electronics,119,299,4.1,5999,60
B09QS8V5N8,"Redmi Note 11 (Space Black, 4GB RAM, 64GB Storage)|90Hz FHD+ AMOLED Display | Qualcomm® Snapdragon™ ",Electronics,12999,17999,4.1,50772,28
B08CF3D7QR,Portronics Konnect L POR-1081 Fast Charging 3A Type-C Cable 1.2Meter with Charge & Sync Function for,Computers&Accessories,154,339,4.3,13391,55
B09T2WRLJJ,"Redmi Note 11 Pro + 5G (Phantom White, 8GB RAM, 128GB Storage) | 67W Turbo Charge | 120Hz Super AMOL",Electronics,20999,26999,3.9,25824,22
B089WB69Y1,"USB Charger, Oraimo Elite Dual Port 5V/2.4A Wall Charger, USB Wall Charger Adapter for iPhone 11/Xs/",Electronics,249,649,4,14404,62
B0116MIKKC,Goldmedal Curve Plus 202042 Plastic Spice 3-Pin 240V Universal Travel Adaptor (White),Electronics,99,171,4.5,11339,42
B09P858DK8,"WeCool C1 Car Mobile Holder with One Click Technology,360° Rotational, Strong Suction Cup,Compatible",Electronics,489,1999,4,3626,76
B07DJLFMPS,HP 32GB Class 10 MicroSD Memory Card (U1 TF Card 32GB),Electronics,369,1600,4,32625,77
B07WHQWXL7,"iQOO Z6 44W by vivo (Lumina Blue, 6GB RAM, 128GB Storage) | 6.44 FHD+ AMOLED Display | 50% Charge in",Electronics,15499,20999,4.1,19252,26
B07WDK3ZS6,"iQOO Z6 Lite 5G by vivo (Mystic Night, 6GB RAM, 128GB Storage) | World's First Snapdragon 4 Gen 1 | ",Electronics,15499,18999,4.1,19252,18
B09T2S8X9C,"Redmi Note 11 Pro + 5G (Stealth Black, 8GB RAM, 256GB Storage) | 67W Turbo Charge | 120Hz Super AMOL",Electronics,22999,28999,3.9,25824,21
B07S9S86BF,boAt Bassheads 242 in Ear Wired Earphones with Mic(Active Black),Electronics,599,1490,4.1,161679,60
B07N8RQ6W7,Portronics MODESK POR-122 Universal Mobile Tabletop Holder (Black),Electronics,134,699,4.1,16685,81
B09FKDH6FS,"realme narzo 50i (Mint Green, 2GB RAM+32GB Storage) Octa Core Processor | 6.5 inch Large Display",Electronics,7499,7999,4,30907,6
B08HVJCW95,MI 10000mAh 3i Lithium Polymer Power Bank Dual Input(Micro-USB and Type C) and Output Ports 18W Fast,Electronics,1149,2199,4.3,178912,48
B09YDFDVNS,"Nokia 105 Plus Single SIM, Keypad Mobile Phone with Wireless FM Radio, Memory Card Slot and MP3 Play",Electronics,1324,1699,4,128311,22
B07WGPKTS4,"iQOO Z6 44W by vivo (Raven Black, 4GB RAM, 128GB Storage) | 6.44 FHD+ AMOLED Display | 50% Charge in",Electronics,13999,19999,4.1,19252,30
B0789LZTCJ,boAt Rugged v3 Extra Tough Unbreakable Braided Micro USB Cable 1.5 Meter (Black),Computers&Accessories,299,799,4.2,94364,63
B09MZCQYHZ,"Ambrane 10000mAh Slim Power Bank, 20W Fast Charging, Dual Output, Type C PD (Input & Output), Quick ",Electronics,999,1599,4,7222,38
B0B4F2ZWL3,"Samsung Galaxy M13 (Stardust Brown, 6GB, 128GB Storage) | 6000mAh Battery | Upto 12GB RAM with RAM P",Electronics,12999,17999,4.1,18998,28
B08VB2CMR3,"OPPO A74 5G (Fluid Black, 6GB RAM, 128GB Storage) with No Cost EMI/Additional Exchange Offers",Electronics,15490,20990,4.2,32916,26
B095RTJH1M,Spigen EZ Fit Tempered Glass Screen Protector Guard for iPhone 14/13/13 Pro - 2 Pack,Electronics,999,2899,4.6,26603,66
B097R25DP7,"Noise ColorFit Pulse Smartwatch with 3.56 cm (1.4) Full Touch HD Display, SpO2, Heart Rate, Sleep Mo",Electronics,1599,4999,4,67950,68
B09YDFKJF8,"Nokia 105 Plus Single SIM, Keypad Mobile Phone with Wireless FM Radio, Memory Card Slot and MP3 Play",Electronics,1324,1699,4,128311,22
B07WDK3ZS2,"iQOO Z6 Pro 5G by vivo (Legion Sky, 8GB RAM, 128GB Storage) | Snapdragon 778G 5G | 66W FlashCharge |",Electronics,20999,29990,4.3,9499,30
B08RZ5K9YH,MI 33W SonicCharge 2.0 USB Charger for Cellular Phones - White,Electronics,999,1999,4.3,1777,50
B08444S68L,"OPPO A31 (Mystery Black, 6GB RAM, 128GB Storage) with No Cost EMI/Additional Exchange Offers",Electronics,12490,15990,4.2,58506,22
B07WHQBZLS,"iQOO vivo Z6 5G (Chromatic Blue, 8GB RAM, 128GB Storage) | Snapdragon 695-6nm Processor | 120Hz FHD+",Electronics,17999,21990,4,21350,18
B085DTN6R2,Portronics Konnect CL 20W POR-1067 Type-C to 8 Pin USB 1.2M Cable with Power Delivery & 3A Quick Cha,Computers&Accessories,350,899,4.2,2263,61
B09JS562TP,"Motorola a10 Dual Sim keypad Mobile with 1750 mAh Battery, Expandable Storage Upto 32GB, Wireless FM",Electronics,1399,1630,4,9378,14
B09KLVMZ3B,Portronics Konnect L 1.2M POR-1401 Fast Charging 3A 8 Pin USB Cable with Charge & Sync Function (Whi,Computers&Accessories,159,399,4.1,4768,60
B09V17S2BG,"boAt Wave Lite Smartwatch with 1.69 HD Display, Heart Rate & SpO2 Level Monitor, Multiple Watch Face",Electronics,1499,6990,3.9,21796,79
B0B5CGTBKV,"boAt Wave Call Smart Watch, Smart Talk with Advanced Dedicated Bluetooth Calling Chip, 1.69” HD Disp",Electronics,1999,7990,3.8,17833,75
B0B23LW7NV,Spigen EZ Fit Tempered Glass Screen Protector for iPhone 14 Pro Max - 2 Pack (Sensor Protection),Electronics,999,2899,4.7,7779,66
B09KGV7WSV,"KINGONE Upgraded Stylus Pen, iPad Pencil, Ultra High Precision & Sensitivity, Palm Rejection, Preven",Electronics,2099,5999,4.3,17129,65
B0971DWFDT,"Portronics CarPower Mini Car Charger with Dual Output, Fast Charging (Type C PD 18W + QC 3.0A) Compa",Electronics,337,699,4.2,4969,52
B0BNV7JM5Y,"boAt Newly Launched Wave Electra with 1.81 HD Display, Smart Calling with Ultra-Seamless BT Calling ",Electronics,2999,7990,4.1,154,62
B0B53QFZPY,"PTron Newly Launched Force X10 Bluetooth Calling Smartwatch with 1.7 Full Touch Color Display, Real ",Electronics,1299,5999,3.3,4415,78
B083342NKJ,MI Braided USB Type-C Cable for Charging Adapter (Red),Computers&Accessories,349,399,4.4,18757,13
B07WJWRNVK,"iQOO vivo Z6 5G (Dynamo Black, 6GB RAM, 128GB Storage) | Snapdragon 695-6nm Processor | 120Hz FHD+ D",Electronics,16499,20990,4,21350,21
B01F25X6RQ,Samsung Ehs64 Ehs64Avfwecinu Hands-Free Wired In Ear Earphones With Mic With Remote Note (White),Electronics,499,499,4.2,31539,0
B09C6HXFC1,"Duracell USB Lightning Apple Certified (Mfi) Braided Sync & Charge Cable For Iphone, Ipad And Ipod. ",Computers&Accessories,970,1799,4.5,815,46
B0B244R4KB,Spigen EZ Fit Tempered Glass Screen Protector for iPhone 14 Pro - 2 Pack (Sensor Protection),Electronics,999,2899,4.6,6129,66
B0BMGG6NKT,"Samsung Galaxy M04 Dark Blue, 4GB RAM, 128GB Storage | Upto 8GB RAM with RAM Plus | MediaTek Helio P",Electronics,10499,13499,4.2,284,22
B082LSVT4B,"Ambrane Unbreakable 60W / 3A Fast Charging 1.5m Braided Type C to Type C Cable for Smartphones, Tabl",Computers&Accessories,249,399,4,43994,38
B092JHPL72,"SWAPKART Flexible Mobile Tabletop Stand, Metal Built, Heavy Duty Foldable Lazy Bracket Clip Mount Mu",Electronics,251,999,3.7,3234,75
B08WRBG3XW,"boAt Type C A325 Tangle-free, Sturdy Type C Cable with 3A Rapid Charging & 480mbps Data Transmission",Computers&Accessories,199,499,4.1,13045,60
B09GFM8CGS,"Redmi 9A Sport (Carbon Black, 2GB RAM, 32GB Storage) | 2GHz Octa-core Helio G25 Processor | 5000 mAh",Electronics,6499,7999,4.1,313832,19
B0B3MWYCHQ,"Fire-Boltt Ring 3 Smart Watch 1.8 Biggest Display with Advanced Bluetooth Calling Chip, Voice Assist",Electronics,2999,9999,4.2,20879,70
B09J2MM5C6,Amozo Ultra Hybrid Camera and Drop Protection Back Cover Case for iPhone 13 (TPU + Polycarbonate | C,Electronics,279,1499,4.2,2646,81
B07Q4QV1DL,"ELV Aluminum Adjustable Mobile Phone Foldable Tabletop Stand Dock Mount for All Smartphones, Tabs, K",Electronics,269,1499,4.5,28978,82
B0B56YRBNT,"Tecno Spark 9 (Sky Mirror, 6GB RAM,128GB Storage) | 11GB Expandable RAM | Helio G37 Gaming Processor",Electronics,8999,13499,3.8,3145,33
B09NHVCHS9,Flix Micro Usb Cable For Smartphone (Black),Computers&Accessories,59,199,4,9377,70
B01DF26V7A,"JBL C100SI Wired In Ear Headphones with Mic, JBL Pure Bass Sound, One Button Multi-function Remote, ",Electronics,599,1299,4.1,192589,54
B08K4PSZ3V,"Tukzer Capacitive Stylus Pen for Touch Screens Devices, Fine Point, Lightweight Metal Body with Magn",Electronics,349,999,3.8,16557,65
B0B4F1YC3J,"Samsung Galaxy M13 5G (Aqua Green, 6GB, 128GB Storage) | 5000mAh Battery | Upto 12GB RAM with RAM Pl",Electronics,13999,19499,4.1,18998,28
B08K4RDQ71,"Tukzer Capacitive Stylus Pen for Touch Screens Devices, Fine Point, Lightweight Metal Body with Magn",Electronics,349,999,3.8,16557,65
B085CZ3SR1,Mi 10W Wall Charger for Mobile Phones with Micro USB Cable (Black),Electronics,499,599,4.2,21916,17
B09YV3K34W,"Fire-Boltt India's No 1 Smartwatch Brand Talk 2 Bluetooth Calling Smartwatch with Dual Button, Hands",Electronics,2199,9999,4.2,29472,78
B09Z6WH2N1,"STRIFF 12 Pieces Highly Flexible Silicone Micro USB Protector, Mouse Cable Protector, Suit for All C",Electronics,95,499,4.2,1949,81
B09NL4DJ2Z,"FLiX (Beetel) USB to Type C PVC Data Sync & 2A Smartphone Fast Charging Cable, Made in India, 480Mbp",Computers&Accessories,139,249,4,9377,44
B0BGSV43WY,"Noise ColorFit Pro 4 Alpha Bluetooth Calling Smart Watch with 1.78 AMOLED Display, Tru Sync, 60hz Re",Electronics,4499,7999,3.5,37,44
B0926V9CTV,Elv Mobile Phone Mount Tabletop Holder for Phones and Tablets - Black,Electronics,89,599,4.3,2351,85
B07WGPKMP5,"iQOO Z6 44W by vivo (Raven Black, 6GB RAM, 128GB Storage) | 6.44 FHD+ AMOLED Display | 50% Charge in",Electronics,15499,20999,4.1,19253,26
B0BBFJ9M3X,"Redmi 11 Prime 5G (Meadow Green, 4GB RAM 64GB ROM) | Prime Design | MTK Dimensity 700 | 50 MP Dual C",Electronics,13999,15999,3.9,2180,13
B09PLFJ7ZW,"Noise Pulse Buzz 1.69 Bluetooth Calling Smart Watch with Call Function, 150 Watch Faces, 60 Sports M",Electronics,1999,4999,3.9,7571,60
B0B53NXFFR,"PTron Newly Launched Force X10 Bluetooth Calling Smartwatch with 1.7 Full Touch Display, Real Heart ",Electronics,1399,5999,3.3,4415,77
B07GNC2592,Portronics CLAMP X Car-Vent Mobile Holder 360 Degree Rotational(Black),Electronics,599,999,4,18654,40
B09TP5KBN7,"pTron Volta Dual Port 12W Smart USB Charger Adapter, Multi-Layer Protection, Made in India, BIS Cert",Electronics,199,1099,4,3197,82
B0949SBKMP,"boAt Flash Edition Smart Watch with Activity Tracker, Multiple Sports Modes, 1.3 Screen, 170+ Watch ",Electronics,1799,6990,4,26880,74
B09V175NP7,"boAt Wave Lite Smartwatch with 1.69 Inches(4.29cm) HD Display, Heart Rate & SpO2 Level Monitor, Mult",Electronics,1499,6990,3.9,21796,79
B07WHSJXLF,"iQOO Z6 Pro 5G by vivo (Phantom Dusk, 8GB RAM, 128GB Storage) | Snapdragon 778G 5G | 66W FlashCharge",Electronics,20999,29990,4.3,9499,30
B0BD3T6Z1D,"Samsung Galaxy M32 Prime Edition (Light Blue, 4GB RAM, 64GB)",Electronics,12999,13499,4.1,56098,4
B09LHYZ3GJ,"Redmi Note 11T 5G (Matte Black, 6GB RAM, 128GB ROM)| Dimensity 810 5G | 33W Pro Fast Charging | Char",Electronics,16999,20999,4.1,31822,19